Region,Month,Year,ECATs,ACATs,V&T,ATV ,Snowmobile,Nav. Law,Penal/Other,TOTs,CFS,Warrants,Outreach,Warnings
1,1,2011,98,3,21,1,0,0,1,0,114,1,2,13
2,1,2011,189,1,16,0,0,0,7,0,71,0,2,4
3,1,2011,86,0,15,0,3,0,4,4,108,0,6,3
4,1,2011,59,0,13,0,29,0,1,4,129,3,14,8
5,1,2011,79,1,4,4,37,0,2,1,124,0,23,2
6,1,2011,50,0,6,3,42,0,3,1,92,0,1,7
7,1,2011,78,7,5,10,22,0,0,0,67,7,7,3
8,1,2011,81,5,7,1,11,0,2,2,127,0,33,22
9,1,2011,74,10,31,13,90,2,7,0,109,0,9,6
1,1,2012,110,6,14,0,0,0,1,0,160,0,6,5
2,1,2012,212,16,17,0,0,7,17,0,79,8,1,6
4,1,2012,48,8,9,0,0,0,0,10,171,1,14,2
5,1,2012,53,31,8,7,8,0,4,2,155,10,21,4
6,1,2012,81,0,10,0,2,0,1,0,125,0,7,35
7,1,2012,55,12,12,0,3,0,1,0,60,0,14,2
8,1,2012,102,5,25,2,0,2,3,2,125,0,17,25
9,1,2012,93,5,24,4,16,0,1,0,156,7,7,10
1,1,2013,201,2,30,1,0,0,10,0,141,0,3,1
2,1,2013,166,9,12,0,0,0,5,0,129,4,2,7
3,1,2013,53,0,34,6,0,0,0,8,103,0,0,8
4,1,2013,84,20,5,0,7,0,1,10,188,4,19,15
5,1,2013,63,26,3,5,16,0,3,0,119,0,10,2
6,1,2013,67,0,19,6,16,0,0,2,63,7,7,9
7,1,2013,72,6,13,1,6,1,0,0,81,0,23,10
8,1,2013,53,4,11,2,3,3,1,1,142,22,14,19
9,1,2013,55,6,22,2,36,0,2,0,130,3,4,4
1,1,2014,211,4,27,9,0,2,7,0,221,0,2,5
2,1,2014,115,22,14,0,0,1,1,0,99,8,1,12
3,1,2014,93,0,15,3,0,0,4,0,105,0,0,16
4,1,2014,39,1,2,0,0,0,0,4,118,0,19,7
5,1,2014,43,21,6,10,24,0,1,0,128,1,20,6
6,1,2014,59,0,15,1,16,0,3,4,84,1,10,15
7,1,2014,94,2,13,7,10,0,0,0,73,1,20,8
8,1,2014,56,5,12,1,3,1,3,0,102,2,21,20
9,1,2014,43,6,22,0,18,0,3,0,112,19,9,8
1,1,2015,358,4,56,14,0,0,8,0,480,6,6,62
2,1,2015,149,9,13,0,0,0,2,0,130,1,4,23
3,1,2015,79,0,18,0,0,0,5,0,122,0,11,5
4,1,2015,63,6,2,2,4,0,0,0,118,2,12,15
5,1,2015,73,9,9,12,16,1,2,1,155,2,9,6
6,1,2015,148,0,25,0,42,2,4,4,129,8,34,10
7,1,2015,114,0,7,6,7,0,5,0,115,3,17,14
8,1,2015,53,16,16,4,5,0,4,2,173,7,24,38
9,1,2015,61,10,16,1,27,1,3,0,168,0,16,6
1,1,2016,179,2,15,0,0,3,2,0,323,0,0,31
2,1,2016,81,2,6,0,0,0,0,0,68,0,3,5
3,1,2016,106,0,22,0,0,1,6,0,145,0,2,4
4,1,2016,56,8,1,0,0,0,0,0,116,0,16,3
6,1,2016,60,0,11,3,8,3,6,6,99,0,12,6
7,1,2016,103,9,13,1,16,0,0,0,134,5,11,15
8,1,2016,82,14,27,3,4,1,2,1,146,8,20,17
9,1,2016,80,1,6,1,5,0,4,0,142,6,13,7
1,2,2011,49,1,8,0,0,0,1,0,123,0,0,9
2,2,2011,162,7,17,0,0,0,2,1,76,1,1,4
3,2,2011,68,0,16,1,4,2,0,7,109,0,8,4
4,2,2011,19,3,9,1,21,0,1,3,113,3,34,1
5,2,2011,36,1,7,27,70,0,2,2,97,4,16,1
6,2,2011,49,0,9,0,24,0,2,3,66,0,7,7
7,2,2011,33,3,26,2,18,0,3,0,33,22,12,0
8,2,2011,49,16,8,7,30,1,0,5,159,6,24,42
9,2,2011,64,9,44,2,43,0,4,4,83,0,8,9
1,2,2012,89,4,4,0,0,0,7,0,103,0,3,16
2,2,2012,82,2,3,0,0,0,27,4,91,2,3,6
3,2,2012,137,0,19,0,0,0,6,6,185,1,9,23
4,2,2012,66,15,13,2,3,1,4,1,155,0,18,9
5,2,2012,72,9,9,7,28,0,16,4,151,2,26,1
6,2,2012,70,0,16,1,9,0,3,0,76,2,13,4
7,2,2012,63,4,16,4,0,0,0,0,90,0,8,9
8,2,2012,63,14,11,3,0,2,1,1,174,7,15,57
9,2,2012,64,9,29,7,0,0,3,0,161,10,14,2
1,2,2013,131,0,18,17,0,0,9,0,88,0,3,6
2,2,2013,127,3,15,0,0,0,4,0,72,1,0,8
3,2,2013,57,1,6,0,0,0,0,5,99,1,9,3
4,2,2013,50,19,3,7,6,0,0,0,151,1,15,30
5,2,2013,92,2,8,37,21,2,6,4,128,0,18,2
6,2,2013,48,0,14,6,14,0,4,4,50,1,9,15
7,2,2013,40,11,5,0,6,0,0,0,63,16,14,5
8,2,2013,55,7,5,5,3,0,0,1,159,23,23,24
9,2,2013,50,8,20,2,45,0,1,0,94,34,14,4
1,2,2014,178,4,17,1,0,1,5,0,147,1,11,11
2,2,2014,118,4,4,0,0,1,1,2,106,2,2,13
3,2,2014,73,0,7,4,0,0,5,0,101,0,7,3
4,2,2014,38,7,11,6,23,0,0,9,128,1,8,11
5,2,2014,51,5,13,22,56,0,6,0,112,0,16,6
6,2,2014,34,2,7,1,49,0,0,0,41,2,7,1
7,2,2014,96,11,21,4,16,0,2,0,66,1,23,7
8,2,2014,29,5,4,1,11,0,4,1,95,12,26,14
9,2,2014,76,9,22,0,43,1,3,1,102,33,4,10
1,2,2015,520,22,60,0,0,8,4,0,382,0,26,20
2,2,2015,151,22,6,0,0,0,2,0,139,5,11,26
3,2,2015,54,0,6,2,1,0,2,0,106,1,6,10
4,2,2015,18,8,6,0,40,0,0,0,92,7,15,2
5,2,2015,43,6,29,11,74,1,3,0,128,0,19,10
6,2,2015,81,2,18,6,82,0,0,6,115,2,40,15
7,2,2015,45,2,18,2,40,0,3,0,91,4,15,9
8,2,2015,47,7,11,0,21,0,13,0,176,27,31,34
9,2,2015,22,2,18,3,53,0,4,0,122,13,16,0
1,2,2016,113,2,26,1,0,1,11,2,214,0,6,6
2,2,2016,75,10,5,0,0,0,0,0,87,1,6,11
3,2,2016,107,0,3,3,1,0,1,2,147,1,3,5
4,2,2016,42,19,3,0,0,2,0,1,161,0,15,5
5,2,2016,58,8,10,14,1,0,0,0,137,0,28,3
6,2,2016,50,15,8,0,1,0,1,3,71,3,10,2
7,2,2016,53,15,12,3,6,0,1,0,135,4,16,16
8,2,2016,44,39,21,0,1,0,0,0,109,11,15,11
9,2,2016,52,1,10,4,13,0,1,0,143,12,8,5
1,3,2011,50,16,28,5,0,0,3,0,163,1,9,13
2,3,2011,224,16,16,0,0,0,26,0,94,1,0,3
3,3,2011,72,2,13,4,0,0,0,4,135,0,31,7
4,3,2011,45,2,2,2,0,0,0,1,161,2,20,10
5,3,2011,43,5,5,4,9,2,9,2,161,2,16,7
6,3,2011,47,1,9,3,6,0,0,0,100,1,28,12
7,3,2011,69,8,15,8,9,3,1,0,118,11,30,3
8,3,2011,68,3,10,3,0,2,3,2,182,6,48,53
9,3,2011,94,15,26,15,0,0,1,0,165,11,25,24
1,3,2012,104,8,8,0,0,1,5,0,128,3,5,9
2,3,2012,64,9,1,0,0,0,3,0,84,0,1,19
3,3,2012,164,0,21,1,0,0,6,6,196,0,14,44
4,3,2012,88,16,5,16,0,3,0,3,224,0,25,31
5,3,2012,88,0,2,4,13,3,3,5,175,0,23,5
6,3,2012,96,0,5,11,9,2,3,0,138,3,17,11
7,3,2012,114,4,7,7,0,0,0,0,142,48,23,7
8,3,2012,127,5,17,0,0,12,6,2,178,3,28,41
9,3,2012,123,8,26,0,0,13,2,0,238,17,20,13
1,3,2013,112,1,4,9,0,0,14,0,101,0,4,3
2,3,2013,118,5,5,0,0,0,2,0,89,4,3,10
3,3,2013,109,0,5,0,0,0,1,6,123,0,19,21
4,3,2013,53,19,3,6,2,0,7,3,215,0,17,24
5,3,2013,61,26,4,17,14,1,11,0,138,0,29,6
6,3,2013,38,0,10,1,6,3,0,1,82,0,18,4
7,3,2013,56,19,10,1,2,1,0,0,100,30,23,4
8,3,2013,73,0,4,3,0,3,1,2,177,14,38,29
9,3,2013,62,13,17,3,33,0,0,0,146,32,32,5
1,3,2014,203,6,21,15,0,0,28,0,217,2,8,9
2,3,2014,92,21,16,0,0,0,0,3,128,0,9,16
3,3,2014,112,0,3,0,0,0,5,0,114,0,14,15
4,3,2014,56,35,3,5,5,0,1,2,201,1,6,11
5,3,2014,55,19,10,7,19,5,7,0,131,1,30,5
6,3,2014,46,7,5,0,31,0,1,0,66,2,22,5
7,3,2014,83,3,28,5,15,0,1,0,124,0,20,10
8,3,2014,79,2,7,2,0,0,3,0,160,46,32,22
9,3,2014,50,2,48,5,5,2,13,0,131,15,22,4
1,3,2015,436,14,86,14,0,0,24,0,382,0,10,46
2,3,2015,129,12,6,0,0,0,3,0,141,15,8,30
3,3,2015,95,1,6,0,1,0,2,4,136,1,16,6
4,3,2015,44,19,2,1,8,2,3,0,159,0,23,8
5,3,2015,44,9,17,14,32,2,0,0,145,1,21,4
6,3,2015,152,8,36,5,10,0,8,0,202,10,62,11
8,3,2015,68,4,21,2,16,0,10,2,252,14,53,53
9,3,2015,58,8,13,1,4,0,3,0,192,36,18,7
1,3,2016,90,16,13,6,0,0,4,0,236,3,6,20
2,3,2016,57,2,3,0,0,0,0,0,82,3,18,6
3,3,2016,103,0,3,2,0,2,0,0,222,2,17,16
4,3,2016,79,30,1,1,0,0,0,0,177,2,17,9
5,3,2016,76,10,10,6,0,1,2,0,210,2,21,7
6,3,2016,61,3,5,3,0,0,0,2,82,0,16,6
7,3,2016,117,11,10,12,0,1,0,0,247,3,21,18
8,3,2016,65,5,6,5,0,11,3,0,175,9,43,23
9,3,2016,85,5,12,3,0,1,0,3,177,7,20,12
1,4,2011,46,5,1,0,0,0,2,0,177,0,10,10
2,4,2011,215,29,20,0,0,3,34,0,91,1,1,7
3,4,2011,155,0,11,0,0,1,6,13,152,0,26,3
4,4,2011,77,6,4,0,0,2,7,4,187,3,32,7
5,4,2011,89,2,5,4,2,3,3,0,196,1,43,11
6,4,2011,102,1,10,23,0,4,3,5,134,0,33,21
7,4,2011,144,2,12,10,0,0,0,0,169,0,35,10
8,4,2011,128,2,6,1,0,8,1,20,204,4,46,53
9,4,2011,156,11,28,9,0,13,1,1,193,1,37,16
1,4,2012,184,9,12,0,0,0,3,0,158,0,3,9
2,4,2012,50,4,3,0,0,0,5,0,90,2,3,28
3,4,2012,185,0,13,4,0,1,0,2,203,1,18,61
4,4,2012,136,6,5,3,0,17,0,1,272,1,26,76
5,4,2012,112,11,14,0,0,0,3,1,165,0,39,13
6,4,2012,114,0,7,13,0,0,1,0,137,3,36,10
7,4,2012,129,6,12,6,0,1,2,0,151,2,43,10
8,4,2012,106,14,34,1,0,5,12,8,175,3,42,21
9,4,2012,141,4,26,10,0,13,4,0,190,0,28,19
1,4,2013,118,2,6,5,0,0,8,0,114,0,8,10
2,4,2013,124,4,3,0,0,0,8,0,93,0,0,39
3,4,2013,127,0,2,0,0,0,1,10,158,1,20,16
4,4,2013,121,9,0,5,0,3,2,1,258,1,34,33
5,4,2013,144,8,6,1,0,1,13,0,199,1,42,6
6,4,2013,88,5,5,17,0,5,1,0,130,0,40,23
7,4,2013,131,5,26,1,0,6,0,2,182,16,41,15
8,4,2013,123,7,45,2,0,4,26,0,156,5,45,32
9,4,2013,236,4,7,10,0,14,1,2,264,0,31,30
1,4,2014,168,3,6,2,0,0,5,0,207,0,11,13
2,4,2014,80,10,9,0,0,0,0,4,103,5,11,19
3,4,2014,183,2,8,1,0,3,0,0,187,1,13,21
4,4,2014,98,6,3,2,0,5,0,6,234,0,27,28
5,4,2014,94,5,5,1,0,7,0,2,149,0,36,15
6,4,2014,112,1,5,18,0,4,2,1,130,1,24,9
7,4,2014,221,5,11,4,0,0,2,0,212,2,30,13
8,4,2014,118,7,17,4,0,0,6,1,189,17,42,41
9,4,2014,110,4,27,4,0,4,3,0,197,0,27,16
1,4,2015,356,2,52,10,0,0,8,0,504,0,26,46
2,4,2015,171,7,20,0,0,2,33,0,162,0,10,25
3,4,2015,194,0,5,0,0,0,1,0,206,1,9,25
4,4,2015,64,16,1,3,0,0,0,0,208,1,51,19
5,4,2015,155,7,10,1,0,1,3,0,243,2,30,19
6,4,2015,242,10,6,20,0,6,8,4,378,2,70,23
7,4,2015,192,9,17,5,0,2,1,0,309,1,41,35
8,4,2015,169,11,33,2,0,1,20,3,257,11,47,66
9,4,2015,129,7,23,15,0,5,9,0,243,14,51,39
1,4,2016,133,7,27,1,0,3,4,12,221,0,11,8
2,4,2016,70,0,8,0,0,1,0,0,105,1,11,9
3,4,2016,175,0,3,0,0,1,0,0,194,1,17,8
4,4,2016,122,10,2,12,0,10,0,1,191,0,33,16
5,4,2016,136,12,3,5,0,6,6,0,243,2,43,19
6,4,2016,103,1,7,1,0,4,1,4,128,0,26,7
7,4,2016,188,14,14,6,0,1,0,0,273,2,37,29
8,4,2016,144,4,19,0,0,2,24,2,191,6,55,26
9,4,2016,120,13,16,5,0,15,0,0,241,3,39,17
1,5,2011,74,13,14,0,0,9,1,0,188,0,5,15
2,5,2011,192,22,8,0,0,1,22,0,102,0,6,8
3,5,2011,124,0,10,1,0,4,0,5,176,0,22,1
4,5,2011,116,12,4,4,0,4,1,1,229,0,18,16
5,5,2011,225,6,14,8,0,13,17,0,180,1,24,10
6,5,2011,119,0,6,9,1,2,15,2,137,1,18,10
7,5,2011,154,4,14,9,0,15,1,0,144,2,12,6
8,5,2011,212,9,16,8,0,16,1,0,186,3,16,31
9,5,2011,157,12,24,1,0,11,6,2,237,2,19,18
1,5,2012,114,2,8,3,0,6,2,0,161,1,2,42
2,5,2012,108,39,4,1,0,2,12,1,120,0,12,39
3,5,2012,158,4,7,0,0,0,1,3,189,0,18,43
4,5,2012,101,29,10,2,0,10,0,6,288,5,18,50
5,5,2012,169,3,7,7,0,36,23,4,200,3,26,6
6,5,2012,128,9,10,4,0,11,39,2,147,2,15,11
7,5,2012,192,5,8,7,0,13,0,0,143,2,10,11
8,5,2012,132,5,31,4,0,6,3,1,198,4,15,37
9,5,2012,227,9,55,6,0,32,3,0,223,0,18,29
1,5,2013,102,3,4,3,0,0,2,11,154,0,3,7
2,5,2013,71,10,10,0,0,0,3,0,99,1,6,27
3,5,2013,145,0,7,3,0,3,2,10,121,1,15,18
4,5,2013,127,10,1,8,0,2,3,2,240,9,15,45
5,5,2013,132,6,8,1,0,4,12,1,218,5,36,3
6,5,2013,96,0,2,1,0,0,21,1,106,0,22,16
7,5,2013,144,14,7,5,0,2,0,1,168,0,12,13
8,5,2013,119,2,14,4,0,2,21,0,136,1,42,24
9,5,2013,144,17,25,0,0,4,2,0,204,0,16,24
1,5,2014,280,3,13,2,0,1,8,0,306,0,12,58
2,5,2014,57,13,4,0,0,1,0,1,83,7,10,12
3,5,2014,164,0,3,0,0,0,1,0,168,0,19,20
4,5,2014,141,10,3,9,0,0,0,9,189,5,7,26
5,5,2014,177,9,10,1,0,18,15,0,190,0,23,8
6,5,2014,124,0,7,8,0,5,0,2,129,3,20,12
7,5,2014,188,4,8,1,0,9,1,0,172,1,5,11
8,5,2014,174,6,17,5,0,4,23,0,223,5,27,51
9,5,2014,203,7,6,4,0,8,12,1,230,8,6,23
1,5,2015,468,12,34,12,0,22,10,2,596,2,16,52
2,5,2015,196,17,7,0,0,1,4,0,171,0,18,34
3,5,2015,220,0,2,0,0,3,1,1,200,1,7,32
4,5,2015,110,2,0,1,0,4,0,0,231,2,45,22
5,5,2015,221,55,27,12,0,25,7,1,254,1,20,12
6,5,2015,256,0,6,40,0,20,10,2,284,0,44,8
7,5,2015,215,7,7,7,0,13,1,1,300,1,12,24
8,5,2015,178,6,24,0,0,5,18,0,231,1,20,30
9,5,2015,198,8,29,10,0,12,7,1,235,0,14,36
1,5,2016,158,3,7,9,0,2,2,0,226,0,3,15
2,5,2016,78,5,6,0,0,1,0,0,124,4,7,9
3,5,2016,148,0,3,0,0,3,1,0,193,0,6,11
4,5,2016,131,3,8,5,0,3,0,0,196,2,14,30
5,5,2016,162,26,15,8,0,29,10,2,287,1,17,11
6,5,2016,119,2,4,4,0,1,12,2,138,2,21,16
7,5,2016,182,5,8,7,0,15,0,1,257,3,8,30
8,5,2016,96,5,26,0,0,2,16,1,200,1,33,43
9,5,2016,138,6,3,1,0,16,1,0,196,1,13,11
1,6,2011,121,8,15,0,0,13,0,3,178,2,9,11
2,6,2011,238,38,8,0,0,2,13,0,113,2,5,8
3,6,2011,128,0,18,4,0,2,0,7,163,2,4,6
4,6,2011,97,9,9,2,0,9,1,3,225,2,46,9
5,6,2011,110,16,14,0,0,11,14,2,156,0,29,10
6,6,2011,103,6,4,3,0,12,8,1,135,0,9,26
7,6,2011,138,6,11,4,0,7,2,0,152,3,22,5
8,6,2011,165,5,21,4,0,22,9,1,146,3,20,22
9,6,2011,126,10,40,3,0,11,1,0,185,2,9,9
1,6,2012,165,5,19,0,0,11,0,0,142,0,8,14
2,6,2012,123,16,9,0,0,0,6,1,89,0,10,27
3,6,2012,103,4,7,0,0,2,1,3,153,3,7,27
4,6,2012,104,13,7,4,0,16,2,5,263,1,17,27
5,6,2012,162,6,5,0,0,14,16,5,192,2,21,8
6,6,2012,131,3,15,1,0,6,59,4,143,0,8,12
7,6,2012,108,9,3,7,0,21,1,0,126,0,12,11
8,6,2012,95,2,49,3,0,2,4,0,137,3,15,32
9,6,2012,154,5,23,0,0,28,1,1,201,2,14,13
1,6,2013,116,0,14,3,0,8,8,0,171,0,4,4
2,6,2013,113,15,4,0,0,1,1,0,108,0,5,28
3,6,2013,120,0,13,0,0,3,0,4,125,0,6,19
4,6,2013,104,8,13,9,0,9,0,7,216,0,20,21
5,6,2013,90,11,12,4,0,13,5,2,187,1,20,9
6,6,2013,81,2,6,10,0,11,20,0,86,0,8,12
7,6,2013,108,6,6,4,0,4,1,0,123,1,19,6
8,6,2013,103,0,23,0,0,16,11,0,130,1,32,32
1,6,2014,399,4,25,4,0,4,4,2,291,0,8,30
3,6,2014,139,0,10,0,0,5,3,5,155,1,12,13
4,6,2014,125,4,5,7,1,12,1,17,208,1,18,20
5,6,2014,114,5,11,3,0,31,56,0,212,0,19,15
6,6,2014,102,3,9,0,0,26,19,5,118,2,16,4
7,6,2014,188,18,6,0,0,19,2,0,160,5,18,10
8,6,2014,157,7,24,3,0,19,27,4,195,6,18,40
9,6,2014,188,3,34,16,0,20,10,0,165,1,14,12
1,6,2015,388,10,16,0,0,4,0,2,516,0,16,38
2,6,2015,159,11,1,0,0,0,3,0,147,8,3,21
3,6,2015,133,1,6,0,0,2,1,1,154,1,11,19
4,6,2015,85,7,0,0,0,9,0,1,189,0,24,16
5,6,2015,62,34,6,9,0,8,1,1,160,0,6,7
6,6,2015,116,2,10,2,0,14,0,4,210,2,26,4
7,6,2015,109,18,9,1,0,3,0,0,203,13,12,17
8,6,2015,141,16,34,6,0,6,48,0,197,7,22,50
9,6,2015,102,1,17,4,0,21,4,1,182,0,16,15
1,6,2016,246,28,8,0,0,5,5,0,255,1,2,8
2,6,2016,89,5,2,0,0,3,0,3,98,1,7,23
3,6,2016,106,1,8,1,0,0,0,0,197,1,6,6
4,6,2016,98,4,6,0,0,6,3,3,176,0,25,20
5,6,2016,132,31,17,0,0,26,7,0,243,0,8,7
6,6,2016,63,11,7,11,0,12,24,14,132,0,15,8
7,6,2016,120,12,17,10,0,3,2,0,244,0,13,16
8,6,2016,97,9,15,0,0,6,22,1,191,4,25,20
9,6,2016,82,10,11,2,0,19,0,0,236,0,14,13
1,7,2011,272,7,23,0,0,37,0,0,224,0,8,17
2,7,2011,279,9,20,1,0,0,41,4,86,1,4,10
3,7,2011,148,4,19,3,0,5,2,13,178,1,12,5
4,7,2011,111,1,13,5,0,8,1,5,200,4,22,15
5,7,2011,198,6,37,0,0,86,40,1,194,2,34,11
6,7,2011,94,6,13,7,0,5,38,1,131,0,6,11
7,7,2011,89,6,8,0,0,7,0,0,127,0,9,6
8,7,2011,148,4,20,1,0,26,0,16,162,3,13,47
9,7,2011,174,11,26,2,0,33,0,2,203,1,24,10
1,7,2012,262,1,10,4,0,23,8,0,164,0,3,38
2,7,2012,124,12,6,0,0,0,21,0,118,0,1,30
3,7,2012,142,0,7,6,0,1,3,5,173,0,6,16
4,7,2012,164,29,15,13,0,13,0,10,261,3,10,23
5,7,2012,126,9,9,3,0,59,44,3,234,1,29,4
6,7,2012,97,1,12,5,0,2,24,5,174,0,8,10
7,7,2012,120,8,9,5,0,18,5,0,151,0,14,8
8,7,2012,120,9,33,3,0,3,13,15,108,6,17,19
9,7,2012,152,12,18,8,0,5,2,0,197,0,28,13
1,7,2013,152,3,10,7,0,11,4,0,190,0,0,5
2,7,2013,90,14,4,0,0,0,0,0,92,0,2,13
3,7,2013,123,1,8,2,0,1,1,3,153,1,13,7
4,7,2013,115,4,2,8,0,7,4,3,185,0,14,34
5,7,2013,97,17,10,13,0,44,18,1,186,0,33,3
6,7,2013,40,4,7,2,0,16,40,0,97,0,23,8
7,7,2013,106,29,1,1,0,6,0,1,119,2,18,5
8,7,2013,114,5,21,0,0,8,27,2,129,3,32,26
9,7,2013,108,10,21,0,0,16,0,0,163,0,20,15
1,7,2014,396,6,32,0,0,14,10,0,266,0,3,32
2,7,2014,171,7,4,0,0,0,1,2,117,2,14,19
3,7,2014,134,0,5,0,0,2,0,0,148,2,15,13
4,7,2014,146,0,8,8,0,10,3,4,205,2,15,31
5,7,2014,111,7,15,1,0,44,12,5,217,1,33,9
6,7,2014,104,8,3,1,0,8,3,0,143,6,16,10
7,7,2014,120,21,18,1,0,11,2,0,184,3,22,11
8,7,2014,129,10,31,10,0,7,13,3,172,6,28,42
9,7,2014,105,1,12,0,0,9,4,0,115,7,31,19
1,7,2015,840,4,34,0,0,50,46,0,636,6,4,92
2,7,2015,158,4,1,0,0,0,7,1,140,5,10,12
3,7,2015,144,0,3,1,0,0,0,0,192,9,18,15
4,7,2015,102,9,6,0,0,8,1,0,204,2,13,6
5,7,2015,120,19,16,5,0,40,31,0,274,2,29,7
6,7,2015,140,4,34,10,0,24,8,6,280,0,44,32
7,7,2015,132,11,14,2,0,18,0,0,234,3,19,18
8,7,2015,114,12,29,3,0,8,43,1,185,6,23,32
9,7,2015,108,11,18,3,0,8,1,1,163,0,26,8
1,7,2016,361,5,13,0,0,4,3,2,248,0,0,13
2,7,2016,108,5,3,0,0,3,0,1,96,4,5,10
3,7,2016,77,2,9,0,0,0,0,0,182,1,13,3
4,7,2016,107,8,18,0,0,5,1,6,216,0,12,36
5,7,2016,124,146,13,0,0,39,23,0,362,4,21,8
6,7,2016,70,36,6,5,0,2,7,3,130,2,9,3
7,7,2016,122,2,14,0,0,19,0,0,246,1,19,14
8,7,2016,105,20,10,13,0,3,12,0,211,1,30,27
9,7,2016,72,21,5,2,0,2,0,0,165,3,16,11
1,8,2011,169,7,13,0,0,6,0,2,211,0,6,39
2,8,2011,240,31,11,0,0,6,25,0,161,1,8,93
3,8,2011,106,0,22,1,0,0,0,4,188,0,19,39
4,8,2011,80,8,4,2,0,0,2,9,201,2,42,7
5,8,2011,154,5,13,6,0,33,27,3,208,4,32,11
6,8,2011,69,3,7,23,0,7,1,2,122,1,17,14
7,8,2011,93,19,11,9,0,5,0,0,113,1,31,3
8,8,2011,136,3,33,0,0,19,9,5,146,0,35,57
9,8,2011,81,9,26,9,0,5,3,0,163,1,58,14
1,8,2012,260,4,9,3,0,4,2,0,184,0,5,34
2,8,2012,95,13,5,0,0,1,1,0,109,5,10,41
3,8,2012,106,0,6,0,0,2,0,4,176,5,38,41
4,8,2012,76,26,9,4,0,9,2,13,269,4,30,33
5,8,2012,78,7,26,7,0,15,33,0,215,0,42,6
6,8,2012,61,3,4,3,0,1,0,5,154,1,24,11
7,8,2012,144,16,21,0,0,10,1,0,188,0,31,13
8,8,2012,116,3,22,7,0,5,3,1,152,1,23,26
9,8,2012,109,11,13,1,0,5,2,0,196,0,70,18
1,8,2013,131,4,8,4,0,3,6,0,198,0,1,15
2,8,2013,85,5,1,0,0,0,0,0,85,0,1,15
3,8,2013,72,0,5,0,0,0,0,4,130,0,6,7
4,8,2013,104,7,6,18,0,10,0,7,193,1,16,18
5,8,2013,65,6,12,3,0,29,33,2,169,2,24,5
6,8,2013,46,0,9,5,0,3,0,0,89,1,26,17
7,8,2013,65,11,15,0,0,1,0,1,124,0,41,12
8,8,2013,84,1,22,0,0,4,1,0,118,1,62,39
9,8,2013,94,15,21,0,0,10,4,1,146,2,38,18
1,8,2014,436,4,21,2,0,17,1,0,322,0,3,49
2,8,2014,355,11,3,0,0,1,6,0,86,1,9,13
3,8,2014,158,1,7,0,0,2,0,0,153,3,6,6
4,8,2014,85,11,3,8,0,2,0,5,183,4,22,15
5,8,2014,81,15,26,7,0,35,12,0,219,0,26,6
6,8,2014,97,5,18,9,0,9,10,0,134,3,28,20
7,8,2014,98,4,10,14,0,11,3,2,157,0,25,9
8,8,2014,118,3,26,3,0,7,20,1,162,5,69,20
9,8,2014,130,9,7,0,0,13,6,3,189,0,54,6
1,8,2015,796,10,36,0,0,6,4,4,558,0,2,62
2,8,2015,176,2,5,0,0,5,4,1,110,1,4,16
3,8,2015,135,7,5,0,0,8,0,1,168,0,9,2
4,8,2015,92,20,8,0,0,13,0,0,212,1,29,10
5,8,2015,120,24,26,6,0,35,18,0,271,1,28,5
6,8,2015,206,26,12,0,0,32,30,20,276,0,60,6
7,8,2015,149,14,16,3,0,13,8,0,246,3,46,9
8,8,2015,100,5,35,4,0,6,35,8,175,0,61,35
9,8,2015,104,5,10,4,0,10,2,0,174,0,64,9
1,8,2016,266,4,14,0,0,1,8,0,234,0,1,17
2,8,2016,163,6,3,1,0,0,0,1,132,0,10,21
3,8,2016,166,1,12,3,0,1,2,1,212,1,5,23
4,8,2016,89,1,5,3,0,4,0,1,171,0,23,19
5,8,2016,94,24,11,6,0,20,18,0,338,0,28,14
6,8,2016,51,0,5,1,0,1,6,1,108,0,15,11
7,8,2016,96,13,10,8,0,8,0,1,205,2,38,5
8,8,2016,83,3,5,0,0,0,1,1,185,2,44,26
9,8,2016,53,15,12,0,0,3,0,0,186,0,53,15
1,9,2011,124,4,15,1,0,8,2,0,161,0,9,10
2,9,2011,264,7,10,0,0,6,5,0,112,4,12,45
3,9,2011,116,0,21,2,0,0,0,9,180,0,26,21
4,9,2011,31,7,1,4,0,0,0,0,229,0,41,9
5,9,2011,113,6,12,17,0,11,10,6,191,2,45,5
6,9,2011,78,1,3,5,0,3,5,2,165,0,36,4
7,9,2011,276,4,9,2,0,0,0,0,111,2,37,7
8,9,2011,139,3,21,8,0,2,8,1,158,3,49,20
9,9,2011,89,18,41,1,0,9,0,0,145,0,58,12
1,9,2012,195,4,4,1,0,12,0,0,153,0,9,6
2,9,2012,139,6,5,0,0,0,3,1,93,0,7,36
3,9,2012,105,1,13,4,0,0,7,5,169,2,28,17
4,9,2012,67,40,4,0,0,12,1,2,268,0,37,31
5,9,2012,64,3,5,12,0,2,5,1,181,1,48,13
6,9,2012,101,2,4,3,0,0,1,5,140,1,40,9
7,9,2012,358,9,3,5,0,6,0,1,162,1,38,13
8,9,2012,82,4,2,0,0,0,0,5,113,5,55,12
9,9,2012,94,59,13,1,0,3,2,0,181,0,43,9
1,9,2013,124,2,5,1,0,5,1,0,142,0,5,9
2,9,2013,67,12,3,0,0,0,1,0,91,0,5,10
3,9,2013,72,0,5,4,0,0,0,4,105,1,32,8
4,9,2013,61,5,2,1,0,3,2,1,188,3,31,13
5,9,2013,69,3,2,0,0,5,3,0,172,0,46,7
6,9,2013,53,0,7,9,0,1,0,5,84,0,43,3
7,9,2013,250,3,3,3,0,8,1,0,158,0,32,7
8,9,2013,131,13,21,0,0,2,16,21,150,3,73,18
9,9,2013,90,8,14,0,0,2,1,1,136,0,27,11
1,9,2014,379,2,17,3,0,7,5,2,248,0,6,40
2,9,2014,221,20,1,0,0,0,39,0,102,0,12,12
3,9,2014,148,0,8,0,0,4,1,0,185,0,20,6
4,9,2014,93,3,2,9,0,2,1,2,192,0,22,12
6,9,2014,99,4,20,3,0,5,2,13,133,1,53,8
7,9,2014,198,6,6,6,0,6,1,1,206,3,43,12
8,9,2014,159,6,53,0,0,0,31,5,179,8,56,28
9,9,2014,132,27,9,2,0,9,0,0,183,0,51,9
1,9,2015,550,12,18,10,0,12,28,0,472,0,8,46
2,9,2015,149,11,0,0,0,0,0,3,92,1,4,9
3,9,2015,127,1,6,0,0,4,0,0,208,0,20,4
4,9,2015,50,9,0,4,0,6,1,0,172,1,30,20
5,9,2015,82,11,9,3,1,5,10,0,267,0,28,6
6,9,2015,162,0,30,4,0,4,6,24,278,2,92,16
7,9,2015,181,15,20,5,0,7,4,0,242,1,53,10
8,9,2015,73,4,2,2,0,1,11,0,151,2,64,22
9,9,2015,81,17,13,2,0,3,0,0,189,1,54,12
1,9,2016,322,2,11,10,0,3,3,0,260,0,7,15
2,9,2016,123,0,1,0,0,0,0,0,81,1,6,11
3,9,2016,148,0,5,4,0,0,0,0,162,0,18,9
4,9,2016,103,0,6,0,0,2,3,3,182,14,49,14
5,9,2016,143,24,22,12,0,15,3,1,292,3,33,12
6,9,2016,65,16,1,1,0,1,2,3,103,16,42,9
7,9,2016,166,8,10,4,0,4,1,0,239,3,41,16
8,9,2016,74,7,20,1,0,5,4,1,174,5,60,31
9,9,2016,121,3,16,6,0,0,0,12,176,1,29,15
1,10,2011,181,6,20,7,0,0,6,0,212,0,10,28
2,10,2011,258,28,18,0,0,3,37,0,109,0,3,65
3,10,2011,164,0,16,5,0,0,8,2,282,0,41,28
4,10,2011,80,8,6,0,0,0,0,4,218,0,22,13
5,10,2011,121,21,2,11,0,4,6,5,271,3,17,7
6,10,2011,193,1,8,1,0,1,11,1,192,1,21,15
7,10,2011,466,8,2,5,0,0,0,0,156,2,26,8
8,10,2011,315,10,39,2,0,3,7,2,210,3,32,25
9,10,2011,198,7,21,3,0,6,0,0,209,0,28,13
1,10,2012,167,0,6,4,0,0,7,0,165,0,7,7
2,10,2012,153,8,10,0,0,2,5,0,117,1,1,40
3,10,2012,104,0,7,0,0,8,3,11,175,1,8,11
4,10,2012,100,19,10,3,0,0,2,7,276,0,24,19
5,10,2012,140,1,3,0,0,0,7,0,272,4,23,3
6,10,2012,218,2,8,0,0,1,6,0,165,0,17,12
7,10,2012,309,22,12,2,0,3,0,0,183,1,29,1
8,10,2012,194,9,36,3,0,0,11,2,183,4,32,23
9,10,2012,165,6,15,0,0,0,3,0,209,2,26,19
1,10,2013,129,4,10,4,0,0,7,0,177,0,5,5
2,10,2013,109,17,8,0,0,1,3,0,103,0,1,13
3,10,2013,114,0,4,0,0,0,0,5,154,0,6,5
4,10,2013,55,4,4,3,0,0,2,5,230,1,15,10
5,10,2013,97,6,9,1,0,1,11,0,252,1,11,5
6,10,2013,132,0,4,1,0,0,2,5,127,0,18,15
7,10,2013,284,3,6,0,0,0,1,1,216,2,17,5
8,10,2013,176,1,8,0,0,1,2,2,216,3,53,27
9,10,2013,149,27,13,0,0,1,1,6,184,0,30,17
1,10,2014,233,1,18,14,0,1,18,2,238,1,2,19
2,10,2014,163,11,7,0,0,2,2,3,99,5,3,18
3,10,2014,169,1,9,2,0,0,3,1,167,3,13,5
4,10,2014,111,8,7,11,0,1,0,2,218,2,16,19
5,10,2014,91,25,5,5,0,5,3,1,242,0,18,3
6,10,2014,214,2,1,1,0,3,4,7,209,2,11,16
7,10,2014,206,5,8,9,0,3,0,0,213,0,13,12
8,10,2014,287,4,18,2,0,3,30,0,306,7,36,92
9,10,2014,140,5,29,10,0,1,11,0,230,2,27,10
1,10,2015,400,8,12,4,0,4,2,0,620,8,8,34
2,10,2015,173,6,2,2,0,2,5,2,103,2,3,10
3,10,2015,130,2,4,1,0,1,1,2,156,0,13,7
4,10,2015,96,4,2,14,0,0,0,6,193,0,16,7
5,10,2015,132,7,3,7,0,0,1,1,323,2,17,12
6,10,2015,328,0,16,2,0,2,0,10,264,0,40,16
7,10,2015,286,15,11,2,0,2,2,2,292,0,33,15
8,10,2015,247,17,29,2,0,0,12,7,240,2,24,38
9,10,2015,116,9,14,0,0,1,6,0,215,0,18,9
1,10,2016,4,0,0,0,0,0,0,0,8,0,0,1
2,10,2016,5,0,0,0,0,0,0,0,0,0,0,0
3,10,2016,4,0,0,0,0,0,0,0,2,0,1,1
4,10,2016,,,,,,,,,,,,
5,10,2016,4,0,0,0,0,0,0,0,3,0,0,0
6,10,2016,0,0,0,0,0,0,0,0,0,0,0,0
7,10,2016,6,0,0,0,0,0,0,0,0,0,0,0
8,10,2016,6,0,1,0,0,0,0,0,1,0,0,0
9,10,2016,0,0,0,0,0,0,0,0,0,0,0,0
1,11,2011,180,4,19,0,0,0,2,19,136,0,5,4
2,11,2011,200,22,9,2,0,1,15,2,65,0,0,25
3,11,2011,374,0,18,1,0,0,1,4,330,0,3,15
4,11,2011,325,3,8,4,0,0,2,7,434,0,13,25
5,11,2011,162,18,8,6,0,0,6,6,325,2,8,5
6,11,2011,207,0,9,11,0,0,1,10,192,0,14,24
7,11,2011,365,1,18,11,0,0,3,0,215,2,12,9
8,11,2011,305,7,35,4,0,10,8,1,445,3,14,36
9,11,2011,323,6,14,8,0,0,4,0,406,0,6,10
1,11,2012,37,0,15,0,0,0,3,0,106,0,2,6
2,11,2012,53,19,3,0,0,0,3,0,71,0,0,6
3,11,2012,327,0,16,1,0,0,5,18,242,1,2,7
4,11,2012,539,5,12,3,0,0,6,14,420,0,8,19
5,11,2012,118,12,2,1,0,0,1,0,282,2,8,3
6,11,2012,188,0,5,1,0,0,1,0,172,0,5,6
7,11,2012,427,2,4,5,0,0,2,0,256,1,8,9
8,11,2012,276,7,22,6,0,1,2,1,410,3,10,43
9,11,2012,198,8,8,5,0,0,6,0,387,0,2,9
1,11,2013,156,6,46,6,0,0,14,2,378,0,26,28
2,11,2013,113,14,5,0,0,0,1,0,135,9,1,23
3,11,2013,332,3,7,1,0,1,1,7,244,0,2,12
4,11,2013,269,4,1,5,0,0,0,0,362,0,5,31
5,11,2013,124,0,2,1,0,1,5,1,264,1,5,3
6,11,2013,139,1,6,1,0,5,4,3,146,1,5,4
7,11,2013,296,7,6,5,2,0,4,0,257,5,6,6
8,11,2013,321,10,17,3,0,0,3,1,431,1,13,33
9,11,2013,214,26,4,8,0,0,4,0,331,0,7,8
1,11,2014,179,7,11,15,0,2,13,0,264,0,10,28
2,11,2014,111,26,0,1,0,0,3,2,87,0,1,16
3,11,2014,372,0,7,10,0,1,5,4,256,2,1,6
4,11,2014,351,0,3,17,0,0,1,0,317,4,7,21
5,11,2014,165,2,4,4,0,0,2,7,278,4,6,4
6,11,2014,201,0,5,0,0,2,4,7,181,0,3,9
7,11,2014,329,2,1,5,0,0,1,1,264,0,10,20
8,11,2014,338,1,26,4,0,0,35,5,465,2,7,51
9,11,2014,235,1,9,2,0,0,5,7,400,1,5,7
1,11,2015,254,18,32,0,0,10,6,2,704,0,16,34
2,11,2015,140,7,3,0,0,0,1,2,101,6,2,6
3,11,2015,188,0,10,1,0,0,0,1,250,0,3,9
4,11,2015,255,1,3,1,0,0,0,2,386,2,12,47
5,11,2015,140,8,8,5,0,1,5,0,345,1,3,3
6,11,2015,292,6,16,12,0,0,6,12,398,2,6,18
7,11,2015,309,7,19,5,0,4,1,0,381,1,14,23
8,11,2015,290,26,17,3,0,0,12,2,418,4,12,61
9,11,2015,214,11,7,4,0,0,2,0,369,0,9,17
1,11,2016,0,0,0,0,0,0,0,0,0,0,0,0
2,11,2016,5,0,0,0,0,0,0,0,0,0,0,0
3,11,2016,0,0,0,0,0,0,0,0,0,0,0,0
4,11,2016,,,,,,,,,,,,
5,11,2016,0,0,0,0,0,0,0,0,0,0,0,0
6,11,2016,0,0,0,0,0,0,0,0,0,0,0,0
7,11,2016,0,0,0,0,0,0,0,0,0,0,0,0
8,11,2016,0,0,0,0,0,0,0,0,0,0,0,0
9,11,2016,0,0,0,0,0,0,0,0,0,0,0,0
1,12,2011,102,10,7,1,0,0,2,0,143,0,5,9
2,12,2011,213,13,10,0,0,2,16,0,64,0,0,6
3,12,2011,104,0,7,1,0,0,0,4,196,1,2,10
4,12,2011,181,4,6,7,0,0,7,13,230,4,10,17
5,12,2011,80,7,3,6,1,0,3,0,211,8,20,10
6,12,2011,114,0,8,0,0,0,1,1,125,0,8,13
7,12,2011,152,9,9,8,0,0,0,0,135,0,9,7
8,12,2011,145,10,25,6,0,2,10,0,185,1,3,18
9,12,2011,160,9,9,2,0,5,4,0,254,0,6,14
1,12,2012,85,2,5,0,0,7,1,8,162,0,2,4
2,12,2012,101,14,2,2,0,0,2,0,86,0,0,9
3,12,2012,93,0,7,0,2,0,0,12,159,2,2,7
4,12,2012,163,3,6,0,2,0,5,11,280,2,10,11
5,12,2012,63,13,4,0,5,0,11,2,279,2,36,9
6,12,2012,70,0,7,0,2,0,1,2,135,2,33,9
7,12,2012,345,12,7,1,5,0,1,0,126,0,4,5
8,12,2012,154,7,4,0,0,1,3,4,196,0,11,32
9,12,2012,168,4,5,0,19,1,4,0,208,2,4,5
1,12,2013,128,1,3,0,0,1,6,1,198,1,2,9
2,12,2013,121,15,8,0,0,0,0,5,127,7,0,12
3,12,2013,84,1,5,0,1,0,3,2,141,0,1,11
4,12,2013,135,5,4,0,0,0,0,0,206,1,6,20
5,12,2013,78,5,0,2,4,2,4,0,211,0,47,6
6,12,2013,95,0,1,0,3,0,1,1,127,1,4,10
7,12,2013,266,2,12,2,3,0,0,0,127,1,4,6
8,12,2013,178,6,6,4,1,1,1,1,207,1,3,23
9,12,2013,159,4,9,0,3,0,1,2,174,0,3,11
1,12,2014,179,8,15,14,0,1,19,2,248,0,2,17
2,12,2014,100,8,7,0,0,0,1,2,85,1,0,14
3,12,2014,102,0,12,0,0,0,5,0,195,1,3,4
4,12,2014,107,8,1,1,2,0,0,1,199,4,3,6
5,12,2014,90,7,4,0,4,0,0,0,194,0,48,6
6,12,2014,151,2,3,3,3,1,2,3,159,2,8,4
7,12,2014,201,3,5,3,1,3,2,2,187,1,4,10
8,12,2014,146,19,20,1,0,1,11,5,225,5,10,29
9,12,2014,145,5,12,0,2,2,2,0,206,1,2,8
1,12,2015,224,0,22,26,0,4,6,2,546,0,2,26
2,12,2015,99,11,5,0,0,3,0,2,77,5,4,5
3,12,2015,143,0,5,3,0,0,2,1,199,0,0,4
4,12,2015,176,21,3,13,0,0,2,3,220,7,7,20
5,12,2015,112,4,7,2,0,4,3,0,266,2,45,7
6,12,2015,210,6,2,6,0,4,0,2,334,0,32,10
7,12,2015,202,17,25,2,0,0,3,0,298,0,2,19
8,12,2015,214,1,7,0,0,0,1,1,271,1,3,26
9,12,2015,168,1,6,2,0,1,7,0,208,0,4,13
1,12,2016,0,0,0,0,0,0,0,0,0,0,0,0
2,12,2016,5,0,0,0,0,0,0,0,0,0,0,0
3,12,2016,0,0,0,0,0,0,0,0,0,0,0,0
4,12,2016,,,,,,,,,,,,
5,12,2016,0,0,0,0,0,0,0,0,0,0,0,0
6,12,2016,0,0,0,0,0,0,0,0,0,0,0,0
7,12,2016,0,0,0,0,0,0,0,0,0,0,0,0
8,12,2016,0,0,0,0,0,0,0,0,0,0,0,0
9,12,2016,0,0,0,0,0,0,0,0,0,0,0,0
1,1,2017,270,7,22,8,0,0,6,9,356,0,3,48
1,2,2017,162,9,18,2,1,0,12,2,305,4,10,16
1,3,2017,142,6,9,1,0,1,3,1,317,0,9,24
1,4,2017,224,6,7,6,0,4,7,1,303,0,29,27
1,5,2017,293,4,14,1,0,3,15,4,290,0,5,23
1,6,2017,313,14,8,0,0,5,6,3,381,2,16,39
1,7,2017,369,20,10,4,0,4,2,3,315,6,6,26
1,8,2017,375,1,6,0,0,12,6,0,318,3,16,30
1,9,2017,433,8,23,12,0,8,9,13,383,0,21,45
1,10,2017,278,6,14,2,0,1,6,6,425,1,17,25
1,11,2017,115,1,4,3,0,4,10,0,384,0,2,42
1,12,2017,115,6,20,5,0,0,15,1,399,1,4,26
2,1,2017,268,6,26,0,0,0,2,0,177,0,19,25
2,2,2017,270,6,12,0,0,0,1,3,138,4,12,20
2,3,2017,263,31,9,2,0,0,1,2,245,0,19,37
2,4,2017,260,10,4,0,0,0,0,1,212,5,16,22
2,5,2017,246,11,16,0,0,1,1,3,202,5,28,26
2,6,2017,262,2,21,2,0,4,3,0,238,6,17,43
2,7,2017,335,4,15,1,0,6,2,0,219,19,19,46
2,8,2017,279,9,4,0,0,1,0,1,165,0,0,40
2,9,2017,195,2,9,5,0,3,60,2,233,3,20,27
2,10,2017,183,0,5,0,0,2,47,0,179,0,12,19
2,11,2017,212,1,5,0,0,1,76,0,150,0,2,18
2,12,2017,267,5,9,1,0,0,71,2,158,3,0,42
3,1,2017,181,0,17,0,0,0,0,1,207,0,0,7
3,2,2017,185,2,11,0,0,0,2,1,191,1,9,6
3,3,2017,150,0,16,0,0,0,0,1,168,0,16,8
3,4,2017,268,0,0,3,0,0,0,4,258,0,21,10
3,5,2017,210,0,18,0,0,2,0,1,215,1,16,9
3,6,2017,194,0,11,0,0,2,0,2,255,5,8,14
3,7,2017,177,0,13,0,0,3,2,6,208,7,11,7
3,8,2017,206,0,8,1,0,0,6,10,235,2,6,18
3,9,2017,155,0,8,6,0,1,0,0,196,3,19,8
3,10,2017,141,0,2,2,0,0,1,1,182,0,9,11
3,11,2017,281,0,13,5,0,0,2,0,230,1,4,4
3,12,2017,147,2,1,0,0,0,0,2,170,1,5,7
4,1,2017,37,29,6,3,0,0,0,0,171,0,15,1
4,2,2017,21,108,3,0,2,0,0,0,145,0,19,23
4,3,2017,31,135,1,0,2,0,0,1,223,2,20,3
4,4,2017,108,92,1,2,0,5,0,0,237,1,44,44
4,5,2017,148,133,9,3,0,7,0,1,233,0,37,9
4,6,2017,84,59,4,1,0,8,6,4,152,0,15,21
4,7,2017,109,17,7,1,0,10,2,5,184,0,12,12
4,8,2017,82,4,4,0,0,9,1,0,183,1,19,10
4,9,2017,77,5,14,11,0,2,0,0,219,2,50,15
4,10,2017,110,5,5,8,0,0,12,1,279,1,26,17
4,11,2017,305,21,6,9,0,0,2,3,407,0,16,39
4,12,2017,170,26,5,1,0,0,0,8,194,1,8,15
5,1,2017,82,7,12,12,21,0,0,0,140,0,26,5
5,2,2017,64,3,8,9,55,0,0,1,151,5,35,7
5,3,2017,59,12,10,3,4,1,1,0,185,6,18,8
5,4,2017,176,14,13,6,8,5,4,0,288,0,33,30
5,2,2017,167,5,16,1,0,22,16,4,267,2,23,8
5,6,2017,107,18,31,4,0,14,29,1,249,0,13,8
5,7,2017,211,7,86,7,1,40,47,2,259,3,26,10
5,8,2017,130,25,25,5,0,6,33,3,301,2,30,5
5,9,2017,137,11,14,10,0,6,55,1,304,6,37,9
5,10,2017,178,15,7,8,0,1,16,0,291,2,5,4
5,11,2017,167,5,4,2,0,1,4,0,346,1,11,2
5,12,2017,80,1,5,1,3,0,0,0,238,0,47,6
6,1,2017,19,0,6,0,3,0,0,0,14,0,2,1
6,2,2017,9,0,10,1,2,0,2,0,20,0,1,2
6,3,2017,13,1,6,0,11,0,1,0,19,1,4,1
6,4,2017,17,0,0,1,0,0,1,0,0,0,0,0
6,5,2017,17,0,0,1,0,0,1,0,0,0,0,0
6,6,2017,9,0,1,0,0,0,0,0,12,1,3,2
6,7,2017,7,0,1,0,0,10,0,0,14,0,2,0
6,8,2017,8,1,3,0,0,3,1,0,22,0,2,2
6,9,2017,7,0,5,0,0,0,0,0,4,0,0,0
6,10,2017,7,0,5,0,0,0,0,0,4,0,0,0
6,11,2017,9,0,0,0,0,0,0,0,8,0,0,0
6,12,2017,9,0,0,0,0,0,0,0,8,0,0,0
7,1,2017,123,3,8,0,14,4,1,0,120,0,15,15
7,2,2017,122,8,12,2,35,1,2,0,122,5,9,19
7,3,2017,77,16,8,7,4,0,0,0,150,4,30,20
7,6,2017,157,3,10,7,0,3,7,0,267,3,52,37
7,5,2017,165,4,10,2,0,5,0,0,250,4,11,15
7,6,2017,115,3,7,12,0,13,0,0,196,52,16,21
7,7,2017,109,5,11,2,0,24,0,0,205,0,27,20
7,9,2017,110,18,18,5,0,10,6,0,227,0,49,12
7,9,2017,288,11,15,8,0,18,15,2,248,0,57,21
7,10,2017,298,6,14,7,0,10,0,8,312,1,27,25
7,11,2017,301,5,13,5,0,3,1,1,356,2,6,18
7,12,2017,188,2,10,0,40,0,2,0,161,0,4,8
8,1,2017,87,20,16,5,0,0,4,15,210,1,29,20
8,2,2017,91,0,18,14,0,0,0,1,169,8,20,9
8,3,2017,101,0,8,0,3,4,2,0,196,0,42,22
8,4,2017,123,21,17,9,0,2,12,0,266,3,55,41
8,5,2017,127,8,29,2,0,0,28,0,264,3,24,43
8,6,2017,125,2,11,12,0,4,19,2,216,2,22,28
8,7,2017,103,1,22,0,0,24,11,3,211,3,17,41
8,8,2017,104,11,19,0,0,5,7,1,211,3,36,19
8,9,2017,100,1,14,7,0,2,14,0,239,5,55,19
8,10,2017,368,0,8,2,0,0,1,2,313,10,43,33
8,11,2017,286,1,10,0,0,0,2,1,448,4,8,32
8,12,2017,122,1,2,0,0,0,4,2,235,1,6,21
9,2,2017,56,0,11,13,5,0,1,1,138,18,10,11
9,3,2017,54,7,11,2,3,3,0,0,170,13,28,17
9,4,2017,115,15,18,7,0,9,0,0,255,2,28,28
9,5,2017,105,10,8,1,0,2,1,0,231,0,8,13
9,6,2017,93,8,17,2,0,11,1,1,199,0,12,14
9,7,2017,109,1,18,3,0,22,1,1,208,0,21,22
9,8,2017,98,2,7,5,0,2,2,0,192,0,50,15
9,9,2017,97,4,47,6,0,12,3,0,215,0,45,28
9,10,2017,139,4,20,5,0,4,0,0,215,0,29,10
9,11,2017,181,6,13,1,0,3,5,0,342,0,4,22
9,12,2017,6,0,0,0,0,0,0,0,5,0,1,1
